experiment,stage,epoch,train_loss,train_acc,train_f1,train_recall,val_loss,val_acc,val_f1,val_recall,test_accuracy,test_f1,test_recall,status
baseline,train,1,1.1838,0.6594,0.2543,0.2498,1.0521,0.6717,0.2699,0.3272,,,,UNDERFITTING
baseline,train,2,0.8362,0.7075,0.3003,0.2847,0.8376,0.705,0.2876,0.3404,,,,GOOD FIT
baseline,train,3,0.784,0.7189,0.3454,0.322,0.8498,0.7043,0.2634,0.2781,,,,GOOD FIT
baseline,train,4,0.7276,0.7351,0.4136,0.3882,0.7505,0.7461,0.3955,0.3503,,,,GOOD FIT
baseline,train,5,0.6995,0.7485,0.4342,0.4083,0.7726,0.7343,0.4044,0.3994,,,,GOOD FIT
baseline,train,6,0.6639,0.7568,0.456,0.4334,0.7726,0.7252,0.3494,0.3788,,,,GOOD FIT
baseline,train,7,0.6376,0.7736,0.5099,0.4782,0.8454,0.6978,0.3455,0.4179,,,,OVERFITTING
baseline,test,final,,,,,,,,,0.7535,0.4213,0.4202,FINAL
contrast_baseline,train,1,1.1643,0.6641,0.2554,0.2503,0.8366,0.7193,0.2496,0.2392,,,,GOOD FIT
contrast_baseline,train,2,0.8219,0.7068,0.2939,0.2786,0.8416,0.7082,0.2872,0.3261,,,,GOOD FIT
contrast_baseline,train,3,0.7672,0.7217,0.3371,0.3147,0.8326,0.7167,0.2969,0.2894,,,,GOOD FIT
contrast_baseline,train,4,0.7079,0.7438,0.4169,0.3923,1.0377,0.7115,0.3752,0.3723,,,,GOOD FIT
contrast_baseline,train,5,0.6723,0.7564,0.4519,0.4292,0.6813,0.7533,0.4398,0.4168,,,,GOOD FIT
contrast_baseline,train,6,0.6249,0.7729,0.4877,0.4627,0.735,0.7311,0.3568,0.3494,,,,GOOD FIT
contrast_baseline,train,7,0.5932,0.7876,0.5216,0.4943,0.7318,0.7389,0.4511,0.4729,,,,GOOD FIT
contrast_baseline,train,8,0.5192,0.8166,0.5853,0.5607,0.7307,0.7461,0.4634,0.4435,,,,GOOD FIT
contrast_baseline,train,9,0.4461,0.8439,0.6331,0.6121,0.8331,0.7422,0.3929,0.3515,,,,OVERFITTING
contrast_baseline,train,10,0.3643,0.8729,0.7005,0.6807,0.7981,0.748,0.4713,0.463,,,,OVERFITTING
contrast_baseline,train,11,0.2753,0.9056,0.7466,0.7263,1.0999,0.7239,0.4056,0.3828,,,,OVERFITTING
contrast_baseline,train,12,0.2149,0.9274,0.8058,0.7904,1.0441,0.7467,0.4653,0.4308,,,,OVERFITTING
contrast_baseline,test,final,,,,,,,,,0.7515,0.5,0.495,FINAL
hybrid,train,1,1.1515,0.6662,0.2607,0.2557,0.8259,0.7252,0.2446,0.2403,,,,GOOD FIT
hybrid,train,2,0.8236,0.7042,0.2872,0.2738,0.8961,0.6893,0.3223,0.3284,,,,UNDERFITTING
hybrid,train,3,0.7602,0.7255,0.3348,0.3136,0.8525,0.6704,0.3139,0.3314,,,,GOOD FIT
hybrid,train,4,0.7151,0.7344,0.3778,0.3551,0.8169,0.7343,0.3048,0.2847,,,,GOOD FIT
hybrid,train,5,0.694,0.7476,0.4199,0.3943,0.7087,0.7448,0.4126,0.412,,,,GOOD FIT
hybrid,train,6,0.666,0.7559,0.4406,0.4149,0.6926,0.7441,0.3938,0.3623,,,,GOOD FIT
hybrid,train,7,0.6372,0.7632,0.4767,0.4516,0.6962,0.7487,0.4338,0.4012,,,,GOOD FIT
hybrid,train,8,0.6073,0.7792,0.5091,0.4885,0.7056,0.7533,0.4158,0.4226,,,,GOOD FIT
hybrid,train,9,0.5822,0.7861,0.5222,0.5021,0.6687,0.7702,0.4584,0.4241,,,,GOOD FIT
hybrid,train,10,0.5547,0.7992,0.5676,0.544,0.7631,0.7402,0.4311,0.4616,,,,GOOD FIT
hybrid,train,11,0.4943,0.8221,0.5965,0.581,0.7359,0.7539,0.4808,0.4461,,,,GOOD FIT
hybrid,train,12,0.437,0.8428,0.6329,0.6218,0.7838,0.7324,0.4279,0.4436,,,,OVERFITTING
hybrid,train,13,0.3727,0.8685,0.6803,0.6666,0.8071,0.7448,0.4407,0.4561,,,,OVERFITTING
hybrid,test,final,,,,,,,,,0.7603,0.4538,0.441,FINAL
contrast_hybrid,train,1,1.1436,0.665,0.2636,0.2604,0.9165,0.6939,0.2348,0.2863,,,,GOOD FIT
contrast_hybrid,train,2,0.8015,0.7019,0.2718,0.2599,0.7811,0.735,0.2985,0.2921,,,,UNDERFITTING
contrast_hybrid,train,3,0.7608,0.7221,0.3103,0.294,0.7704,0.7356,0.2848,0.2723,,,,GOOD FIT
contrast_hybrid,train,4,0.7141,0.7361,0.3692,0.3463,0.7837,0.7311,0.338,0.3301,,,,GOOD FIT
contrast_hybrid,train,5,0.6999,0.7461,0.4125,0.387,0.8577,0.7226,0.3925,0.4336,,,,GOOD FIT
contrast_hybrid,train,6,0.66,0.7562,0.4528,0.4223,0.7939,0.7389,0.3719,0.3688,,,,GOOD FIT
contrast_hybrid,train,7,0.646,0.7648,0.4709,0.4449,0.7748,0.7187,0.4015,0.3824,,,,GOOD FIT
contrast_hybrid,train,8,0.5979,0.7845,0.5362,0.5095,0.6934,0.7572,0.43,0.4067,,,,GOOD FIT
contrast_hybrid,train,9,0.576,0.7889,0.5278,0.5038,0.7801,0.7383,0.3653,0.3595,,,,OVERFITTING
contrast_hybrid,train,10,0.5532,0.8008,0.5631,0.5411,0.7854,0.7389,0.3879,0.3615,,,,OVERFITTING
contrast_hybrid,test,final,,,,,,,,,0.7819,0.4844,0.4774,FINAL
augmentation,train,1,1.3193,0.6348,0.2029,0.2017,0.9715,0.6913,0.162,0.1719,,,,GOOD FIT
augmentation,train,2,0.9114,0.6817,0.2126,0.2089,0.8525,0.6997,0.2231,0.2419,,,,UNDERFITTING
augmentation,train,3,0.8823,0.6861,0.22,0.2141,0.8394,0.6854,0.2239,0.243,,,,UNDERFITTING
augmentation,train,4,0.8461,0.6878,0.237,0.2284,0.8084,0.718,0.2654,0.2536,,,,UNDERFITTING
augmentation,train,5,0.8319,0.6932,0.2573,0.2431,0.822,0.7089,0.253,0.2658,,,,GOOD FIT
augmentation,train,6,0.8198,0.6981,0.294,0.2773,0.8409,0.6952,0.3178,0.3765,,,,UNDERFITTING
augmentation,train,7,0.8035,0.7024,0.3164,0.2973,0.8002,0.7213,0.2944,0.2724,,,,GOOD FIT
augmentation,train,8,0.7697,0.7157,0.3681,0.3457,0.8276,0.7258,0.382,0.3765,,,,UNDERFITTING
augmentation,train,9,0.7676,0.7178,0.3675,0.3446,0.7766,0.7278,0.3468,0.3287,,,,GOOD FIT
augmentation,train,10,0.7509,0.7282,0.3993,0.3777,0.759,0.7148,0.3273,0.3083,,,,GOOD FIT
augmentation,train,11,0.7392,0.7294,0.3988,0.3727,0.7464,0.7428,0.3277,0.3206,,,,GOOD FIT
augmentation,train,12,0.7304,0.7329,0.422,0.3918,0.7201,0.7454,0.3539,0.3599,,,,GOOD FIT
augmentation,train,13,0.7158,0.7365,0.4274,0.406,0.7562,0.7037,0.4336,0.4219,,,,UNDERFITTING
augmentation,train,14,0.7063,0.7398,0.4252,0.4055,0.74,0.752,0.4173,0.3771,,,,GOOD FIT
augmentation,train,15,0.6929,0.7464,0.448,0.424,0.6842,0.7513,0.4278,0.4114,,,,GOOD FIT
augmentation,train,16,0.6886,0.7528,0.4583,0.432,1.5868,0.7239,0.3393,0.3877,,,,GOOD FIT
augmentation,train,17,0.6726,0.7514,0.452,0.433,1.1046,0.7448,0.4069,0.4338,,,,GOOD FIT
augmentation,train,18,0.6659,0.7569,0.4735,0.4471,0.7154,0.7552,0.462,0.5007,,,,GOOD FIT
augmentation,train,19,0.6589,0.7651,0.4969,0.4741,0.7075,0.765,0.4516,0.4565,,,,GOOD FIT
augmentation,train,20,0.6637,0.7638,0.4901,0.4665,0.6642,0.7696,0.4542,0.412,,,,GOOD FIT
augmentation,train,21,0.6492,0.7659,0.5008,0.4802,0.6966,0.7722,0.4834,0.4539,,,,GOOD FIT
augmentation,train,22,0.6382,0.7675,0.5075,0.4782,0.6888,0.7422,0.4743,0.4636,,,,GOOD FIT
augmentation,train,23,0.6308,0.7736,0.5294,0.5021,0.7183,0.7565,0.4769,0.4842,,,,GOOD FIT
augmentation,train,24,0.6241,0.7759,0.5206,0.4946,0.7274,0.7565,0.4557,0.4264,,,,GOOD FIT
augmentation,train,25,0.6277,0.7686,0.5188,0.4967,0.6762,0.7644,0.4434,0.3994,,,,GOOD FIT
augmentation,test,final,,,,,,,,,0.7677,0.46,0.4476,FINAL
hybrid_augmentation,train,1,1.2397,0.6491,0.2355,0.2326,0.96,0.7023,0.2165,0.2116,,,,GOOD FIT
hybrid_augmentation,train,2,0.8783,0.6981,0.2396,0.2362,0.8157,0.72,0.2148,0.2191,,,,GOOD FIT
hybrid_augmentation,train,3,0.8376,0.7024,0.2432,0.2381,0.8058,0.7141,0.2601,0.2729,,,,UNDERFITTING
hybrid_augmentation,train,4,0.815,0.7129,0.2734,0.2624,0.8083,0.7258,0.2569,0.2535,,,,GOOD FIT
hybrid_augmentation,train,5,0.7933,0.7112,0.2889,0.2726,0.7528,0.7409,0.3532,0.3436,,,,UNDERFITTING
hybrid_augmentation,train,6,0.7829,0.7145,0.2907,0.2749,0.8061,0.7219,0.2272,0.227,,,,GOOD FIT
hybrid_augmentation,train,7,0.7651,0.7131,0.298,0.2799,0.7389,0.7422,0.3143,0.2922,,,,UNDERFITTING
hybrid_augmentation,train,8,0.7529,0.7169,0.3202,0.3009,0.7716,0.7317,0.2988,0.2828,,,,GOOD FIT
hybrid_augmentation,train,9,0.7306,0.7335,0.3729,0.3445,0.7192,0.7585,0.4045,0.3637,,,,UNDERFITTING
hybrid_augmentation,train,10,0.7232,0.7365,0.4087,0.377,0.7521,0.7474,0.3766,0.3268,,,,GOOD FIT
hybrid_augmentation,train,11,0.7071,0.7399,0.4127,0.3885,0.713,0.765,0.4233,0.3845,,,,UNDERFITTING
hybrid_augmentation,train,12,0.7048,0.7361,0.4134,0.3899,0.7024,0.7624,0.4063,0.3858,,,,GOOD FIT
hybrid_augmentation,train,13,0.6931,0.7438,0.4211,0.3967,0.7117,0.7513,0.3933,0.3534,,,,GOOD FIT
hybrid_augmentation,train,14,0.678,0.7485,0.4391,0.4191,0.6957,0.7637,0.4276,0.3901,,,,GOOD FIT
hybrid_augmentation,train,15,0.6687,0.7496,0.4527,0.429,0.6966,0.7578,0.393,0.3538,,,,GOOD FIT
hybrid_augmentation,train,16,0.6662,0.7581,0.4452,0.4233,0.7396,0.7637,0.4017,0.3939,,,,GOOD FIT
hybrid_augmentation,train,17,0.6574,0.7586,0.4633,0.4424,0.6859,0.7728,0.4405,0.4105,,,,GOOD FIT
hybrid_augmentation,train,18,0.6504,0.7582,0.4663,0.4448,0.6715,0.7683,0.4699,0.4752,,,,UNDERFITTING
hybrid_augmentation,train,19,0.6442,0.7692,0.477,0.4571,0.6551,0.7611,0.4235,0.4007,,,,GOOD FIT
hybrid_augmentation,train,20,0.6433,0.7665,0.4846,0.4654,0.6779,0.7533,0.4101,0.4138,,,,GOOD FIT
hybrid_augmentation,train,21,0.6366,0.7624,0.4778,0.4582,0.6873,0.7657,0.4133,0.3956,,,,GOOD FIT
hybrid_augmentation,train,22,0.6301,0.7698,0.4859,0.4614,0.6533,0.765,0.4664,0.4617,,,,GOOD FIT
hybrid_augmentation,train,23,0.6282,0.7685,0.5034,0.4768,0.6555,0.7781,0.4859,0.4646,,,,GOOD FIT
hybrid_augmentation,train,24,0.6175,0.7751,0.5004,0.478,0.6382,0.7755,0.464,0.4513,,,,GOOD FIT
hybrid_augmentation,train,25,0.621,0.7749,0.5089,0.4877,0.6848,0.7715,0.4099,0.3638,,,,GOOD FIT
hybrid_augmentation,test,final,,,,,,,,,0.7846,0.5008,0.4896,FINAL
contrast_hybrid_augmentation,train,1,1.2174,0.6518,0.2322,0.2301,0.9909,0.7206,0.2126,0.2301,,,,GOOD FIT
contrast_hybrid_augmentation,train,2,0.8894,0.6964,0.2292,0.2274,0.9537,0.671,0.2712,0.3346,,,,UNDERFITTING
contrast_hybrid_augmentation,train,3,0.8492,0.7042,0.2332,0.2321,0.7941,0.7232,0.2292,0.2356,,,,GOOD FIT
contrast_hybrid_augmentation,train,4,0.819,0.7042,0.2489,0.2441,0.7746,0.7356,0.2846,0.2852,,,,UNDERFITTING
contrast_hybrid_augmentation,train,5,0.8094,0.7039,0.2676,0.2547,0.8168,0.7174,0.33,0.3729,,,,UNDERFITTING
contrast_hybrid_augmentation,train,6,0.7941,0.7094,0.2856,0.2676,0.789,0.7174,0.2488,0.2461,,,,GOOD FIT
contrast_hybrid_augmentation,train,7,0.7849,0.7028,0.2812,0.2631,0.8041,0.7285,0.2691,0.254,,,,GOOD FIT
contrast_hybrid_augmentation,train,8,0.7708,0.7185,0.2988,0.2822,0.7882,0.7272,0.2729,0.277,,,,GOOD FIT
contrast_hybrid_augmentation,train,9,0.7486,0.7234,0.3554,0.3263,0.84,0.7265,0.2723,0.2534,,,,GOOD FIT
contrast_hybrid_augmentation,train,10,0.7437,0.7248,0.3658,0.3394,0.7128,0.765,0.4384,0.4008,,,,UNDERFITTING
contrast_hybrid_augmentation,train,11,0.7195,0.7359,0.4075,0.3801,0.737,0.7513,0.35,0.3248,,,,GOOD FIT
contrast_hybrid_augmentation,train,12,0.7135,0.7362,0.4028,0.3739,0.6992,0.7644,0.4212,0.3799,,,,UNDERFITTING
contrast_hybrid_augmentation,train,13,0.7037,0.7461,0.4257,0.3993,0.728,0.7415,0.4289,0.4163,,,,UNDERFITTING
contrast_hybrid_augmentation,train,14,0.6917,0.7466,0.4368,0.4141,0.6823,0.7578,0.4026,0.3596,,,,GOOD FIT
contrast_hybrid_augmentation,test,final,,,,,,,,,0.7508,0.386,0.3516,FINAL
weighted,train,1,1.476,0.6005,0.3184,0.3528,1.157,0.6821,0.3853,0.3935,,,,UNDERFITTING
weighted,train,2,1.1804,0.6635,0.3965,0.4242,0.9687,0.6534,0.3658,0.3926,,,,GOOD FIT
weighted,train,3,1.0959,0.6939,0.4541,0.4885,0.9329,0.7056,0.3621,0.3941,,,,GOOD FIT
weighted,train,4,1.0176,0.7031,0.4764,0.5101,0.7941,0.7148,0.4495,0.4481,,,,GOOD FIT
weighted,train,5,1.0002,0.7084,0.4948,0.525,0.7807,0.7193,0.454,0.447,,,,GOOD FIT
weighted,train,6,0.9172,0.7325,0.5518,0.5851,0.8111,0.701,0.4288,0.4761,,,,GOOD FIT
weighted,train,7,0.8795,0.7455,0.5648,0.5929,0.7967,0.6899,0.4706,0.479,,,,GOOD FIT
weighted,train,8,0.8027,0.7638,0.6047,0.6439,0.881,0.6847,0.4861,0.5087,,,,GOOD FIT
weighted,train,9,0.723,0.7811,0.639,0.6763,0.9368,0.7095,0.4066,0.4159,,,,OVERFITTING
weighted,train,10,0.6309,0.7959,0.7035,0.7442,1.2817,0.6658,0.4056,0.4798,,,,OVERFITTING
weighted,test,final,,,,,,,,,0.7076,0.4946,0.5178,FINAL
weighted_hybrid,train,1,1.4405,0.5903,0.3215,0.3725,0.8461,0.7154,0.3152,0.3236,,,,GOOD FIT
weighted_hybrid,train,2,1.1158,0.6977,0.4198,0.4531,0.9123,0.6919,0.3854,0.3914,,,,GOOD FIT
weighted_hybrid,train,3,1.0359,0.7141,0.4743,0.4966,0.8061,0.7213,0.4651,0.489,,,,GOOD FIT
weighted_hybrid,train,4,0.9529,0.7385,0.514,0.542,0.7648,0.7369,0.4794,0.5154,,,,GOOD FIT
weighted_hybrid,train,5,0.936,0.7364,0.5195,0.5543,0.7808,0.7141,0.4631,0.506,,,,GOOD FIT
weighted_hybrid,train,6,0.8862,0.7475,0.5445,0.5755,1.0402,0.6364,0.3759,0.4914,,,,OVERFITTING
weighted_hybrid,train,7,0.8049,0.7688,0.6037,0.6387,0.8387,0.6795,0.4926,0.5198,,,,GOOD FIT
weighted_hybrid,train,8,0.7705,0.7782,0.6171,0.6478,0.866,0.6854,0.4405,0.4817,,,,OVERFITTING
weighted_hybrid,train,9,0.6753,0.7991,0.6658,0.7085,0.7586,0.7487,0.4854,0.4823,,,,OVERFITTING
weighted_hybrid,test,final,,,,,,,,,0.7076,0.5171,0.5641,FINAL
contrast_hybrid_weighted,train,1,1.4198,0.6135,0.3385,0.3844,0.9935,0.6736,0.3279,0.347,,,,GOOD FIT
contrast_hybrid_weighted,train,2,1.128,0.6995,0.4236,0.4516,0.9571,0.6756,0.3392,0.3488,,,,GOOD FIT
contrast_hybrid_weighted,train,3,1.0517,0.7109,0.4539,0.4778,0.9484,0.6521,0.4087,0.4925,,,,GOOD FIT
contrast_hybrid_weighted,train,4,0.9823,0.7281,0.4881,0.5147,0.7676,0.7324,0.4977,0.5198,,,,UNDERFITTING
contrast_hybrid_weighted,train,5,0.9621,0.7318,0.5143,0.5439,0.8716,0.6926,0.4215,0.4615,,,,GOOD FIT
contrast_hybrid_weighted,train,6,0.9087,0.7456,0.5393,0.5685,0.7993,0.7232,0.4422,0.4558,,,,GOOD FIT
contrast_hybrid_weighted,test,final,,,,,,,,,0.7441,0.4942,0.532,FINAL
smote,train,1,1.1515,0.6662,0.2607,0.2557,0.8259,0.7252,0.2446,0.2403,,,,GOOD FIT
smote,train,2,0.8236,0.7042,0.2872,0.2738,0.8961,0.6893,0.3223,0.3284,,,,UNDERFITTING
smote,train,3,0.7602,0.7255,0.3348,0.3136,0.8525,0.6704,0.3139,0.3314,,,,GOOD FIT
smote,train,4,0.7151,0.7344,0.3778,0.3551,0.8169,0.7343,0.3048,0.2847,,,,GOOD FIT
smote,train,5,0.694,0.7476,0.4199,0.3943,0.7087,0.7448,0.4126,0.412,,,,GOOD FIT
smote,train,6,0.666,0.7559,0.4406,0.4149,0.6926,0.7441,0.3938,0.3623,,,,GOOD FIT
smote,train,7,0.6372,0.7632,0.4767,0.4516,0.6962,0.7487,0.4338,0.4012,,,,GOOD FIT
smote,train,8,0.6073,0.7792,0.5091,0.4885,0.7056,0.7533,0.4158,0.4226,,,,GOOD FIT
smote,train,9,0.5822,0.7861,0.5222,0.5021,0.6687,0.7702,0.4584,0.4241,,,,GOOD FIT
smote,train,10,0.5547,0.7992,0.5676,0.544,0.7631,0.7402,0.4311,0.4616,,,,GOOD FIT
smote,train,11,0.4943,0.8221,0.5965,0.581,0.7359,0.7539,0.4808,0.4461,,,,GOOD FIT
smote,train,12,0.437,0.8428,0.6329,0.6218,0.7838,0.7324,0.4279,0.4436,,,,OVERFITTING
smote,train,13,0.3727,0.8685,0.6803,0.6666,0.8071,0.7448,0.4407,0.4561,,,,OVERFITTING
smote,test,final,,,,,,,,,0.707,0.4928,0.5388,FINAL
contrast_hybrid_smote,train,1,1.1436,0.665,0.2636,0.2604,0.9165,0.6939,0.2348,0.2863,,,,GOOD FIT
contrast_hybrid_smote,train,2,0.8015,0.7019,0.2718,0.2599,0.7811,0.735,0.2985,0.2921,,,,UNDERFITTING
contrast_hybrid_smote,train,3,0.7608,0.7221,0.3103,0.294,0.7704,0.7356,0.2848,0.2723,,,,GOOD FIT
contrast_hybrid_smote,train,4,0.7141,0.7361,0.3692,0.3463,0.7837,0.7311,0.338,0.3301,,,,GOOD FIT
contrast_hybrid_smote,train,5,0.6999,0.7461,0.4125,0.387,0.8577,0.7226,0.3925,0.4336,,,,GOOD FIT
contrast_hybrid_smote,train,6,0.66,0.7562,0.4528,0.4223,0.7939,0.7389,0.3719,0.3688,,,,GOOD FIT
contrast_hybrid_smote,train,7,0.646,0.7648,0.4709,0.4449,0.7748,0.7187,0.4015,0.3824,,,,GOOD FIT
contrast_hybrid_smote,train,8,0.5979,0.7845,0.5362,0.5095,0.6934,0.7572,0.43,0.4067,,,,GOOD FIT
contrast_hybrid_smote,train,9,0.576,0.7889,0.5278,0.5038,0.7801,0.7383,0.3653,0.3595,,,,OVERFITTING
contrast_hybrid_smote,train,10,0.5532,0.8008,0.5631,0.5411,0.7854,0.7389,0.3879,0.3615,,,,OVERFITTING
contrast_hybrid_smote,test,final,,,,,,,,,0.6894,0.4866,0.57,FINAL
